Idea ID,Category,Description,Cluster
1,Patient Management,implement voice recognition for data entry,4
2,Patient Management,add realtime patient data analytics,4
3,Integration,integrate with wearable health devices,1
4,User Interface,improve user interface for faster navigation,4
5,Templates,add customizable templates for patient notes,4
6,Communication,enable secure messaging between healthcare providers,2
7,Appointments,automate appointment scheduling and reminders,4
8,Analytics,implement aibased predictive analytics for patient outcomes,4
9,Integration,allow direct integration with lab result systems,4
10,Mobile Access,provide mobile access to patient records,1
11,Remote Monitoring,add features for remote patient monitoring,0
12,Reporting,improve data visualization tools for reports,4
13,Data Management,enable data importexport in various formats,2
14,Telemedicine,add functionality for telemedicine consultations,4
15,Security,enhance security measures for patient data,4
16,Patient Portal,implement patient portals for accessing personal health records,1
17,Consent Management,add tools for managing patient consent and authorization,1
18,Interoperability,improve interoperability with other healthcare systems,2
19,Alerts,include drug interaction alerts and warnings,4
20,Dashboards,provide customizable dashboards for different user roles,3
21,Languages,add support for multiple languages,4
22,Billing Integration,integrate with insurance billing systems,4
23,Medication Tracking,enable eprescribing and medication tracking,2
24,Intake Forms,improve patient intake forms and workflows,4
25,Outcomes,add features for tracking patient outcomes and followups,0
26,Chronic Disease,include tools for managing chronic disease programs,1
27,Multi-Site Management,enhance support for multisite practice management,1
28,Billing,implement automated coding for medical billing,4
29,Vaccination Records,add functionality for tracking vaccination records,1
30,Data Sync,provide realtime data synchronization across devices,4
31,Patient Education,include patient education materials and resources,4
32,Feedback,enable integration with patient feedback systems,2
33,Search,improve search functionality for patient records,1
34,Advanced Reporting,add support for advanced reporting and analytics,4
35,Workflow Automation,implement workflow automation for common tasks,4
36,Interdisciplinary Care,enhance support for interdisciplinary care teams,1
37,Referrals,provide tools for managing and tracking referrals,3
38,Signatures,add features for managing electronic signatures,0
39,Data Sharing,enable data sharing with external research databases,2
40,Pharmacy Integration,improve integration with pharmacy management systems,4
41,Demographics,provide tools for managing patient demographics,3
42,Clinical Guidelines,enhance support for evidencebased clinical guidelines,1
43,Care Plans,add functionality for managing patient care plans,0
44,Treatment Adherence,implement tools for tracking patient adherence to treatments,1
45,Outpatient Care,improve support for outpatient and inpatient care management,4
46,Medical Imaging,provide functionality for managing medical imaging records,3
47,Training,enhance user training and support resources,1
48,Surveys,add tools for managing and analyzing patient surveys,1
49,EHR Integration,improve integration with electronic health records ehr systems,1
50,Custom Alerts,enable custom alerts and notifications for patient care,2
51,Insurance Management,add features for managing patient insurance information,0
52,Referrals Management,implement tools for tracking and managing referrals,3
53,Prescribing Integration,enhance support for integrating with electronic prescribing systems,1
54,Clinical Trials,provide functionality for managing and tracking clinical trials,3
55,Data Entry,improve data entry efficiency with smart templates,4
56,Privacy Settings,add tools for managing patient privacy settings,1
57,Collaboration,implement support for realtime collaboration among care teams,4
58,Regulatory Compliance,enhance reporting tools for regulatory compliance,1
59,Demographics Management,add features for tracking and managing patient demographics,0
60,Family History,provide support for managing patient family history,3
61,Search Capabilities,improve patient record search capabilities,4
62,Medication Adherence,add tools for tracking patient medication adherence,1
63,Laboratory Orders,implement support for managing electronic lab orders,1
64,Financial Management,enhance integration with patient financial management systems,1
65,Treatment History,provide tools for managing patient treatment history,3
66,Data Validation,add features for realtime data validation and error checking,4
67,Access Control,improve patient record access control and permissions,4
68,Health Risk Assessments,implement support for managing patient health risk assessments,1
69,Contact Information,enhance tools for managing patient contact information,1
70,Real-Time Updates,add functionality for realtime data updates and alerts,4
71,Usability,improve user interface for better usability,4
72,Progress Tracking,provide tools for tracking patient progress over time,3
73,Reminders,implement automated reminders for patient followups,4
74,Care Plans,add support for managing multidisciplinary care plans,0
75,Billing Integration,enhance integration with medical coding and billing systems,1
76,Referrals and Authorizations,provide tools for managing patient referrals and authorizations,3
77,Medication Lists,improve support for managing patient medication lists,1
78,Health Goals,add features for tracking and managing patient health goals,0
79,Symptom Tracking,implement support for managing and tracking patient symptoms,1
80,Care Transitions,enhance tools for managing patient care transitions,1
81,Clinical Notes,provide functionality for managing patient clinical notes,3
82,Health Information Exchanges,add support for integrating with health information exchanges,1
83,Validation,improve data accuracy with realtime validation,4
84,Appointment Histories,provide tools for managing patient appointment histories,3
85,EHR Updates,implement support for managing electronic health records updates,1
86,Coordination Tools,enhance integration with patient care coordination tools,1
87,Health Interventions,add features for tracking and managing patient health interventions,0
88,Health Outcomes,improve support for managing patient health outcomes,1
89,Documentation,provide tools for managing patient care documentation,3
90,Health Assessments,implement support for managing patient health assessments,1
91,Medical Histories,enhance tools for managing patient medical histories,3
92,Data Sharing,add functionality for realtime data sharing with other systems,4
93,Training Materials,improve user training materials and support,4
94,Data Trends,provide tools for managing and analyzing patient data trends,3
95,EHR Audits,implement support for managing electronic health record audits,1
96,Health Records Updates,enhance tools for managing patient health records updates,1
97,Self-Management,add functionality for integrating with patient selfmanagement tools,1
98,Validation Techniques,improve data accuracy with advanced validation techniques,4
99,Health Records Management,provide tools for managing and tracking patient health records updates,3
100,Integration,enhance integration with health data analytics platforms,4
