Idea ID,Category,Description
1,Patient Management,Implement voice recognition for data entry
2,Patient Management,Add real-time patient data analytics
3,Integration,Integrate with wearable health devices
4,User Interface,Improve user interface for faster navigation
5,Templates,Add customizable templates for patient notes
6,Communication,Enable secure messaging between healthcare providers
7,Appointments,Automate appointment scheduling and reminders
8,Analytics,Implement AI-based predictive analytics for patient outcomes
9,Integration,Allow direct integration with lab result systems
10,Mobile Access,Provide mobile access to patient records
11,Remote Monitoring,Add features for remote patient monitoring
12,Reporting,Improve data visualization tools for reports
13,Data Management,Enable data import/export in various formats
14,Telemedicine,Add functionality for telemedicine consultations
15,Security,Enhance security measures for patient data
16,Patient Portal,Implement patient portals for accessing personal health records
17,Consent Management,Add tools for managing patient consent and authorization
18,Interoperability,Improve interoperability with other healthcare systems
19,Alerts,Include drug interaction alerts and warnings
20,Dashboards,Provide customizable dashboards for different user roles
21,Languages,Add support for multiple languages
22,Billing Integration,Integrate with insurance billing systems
23,Medication Tracking,Enable e-prescribing and medication tracking
24,Intake Forms,Improve patient intake forms and workflows
25,Outcomes,Add features for tracking patient outcomes and follow-ups
26,Chronic Disease,Include tools for managing chronic disease programs
27,Multi-Site Management,Enhance support for multi-site practice management
28,Billing,Implement automated coding for medical billing
29,Vaccination Records,Add functionality for tracking vaccination records
30,Data Sync,Provide real-time data synchronization across devices
31,Patient Education,Include patient education materials and resources
32,Feedback,Enable integration with patient feedback systems
33,Search,Improve search functionality for patient records
34,Advanced Reporting,Add support for advanced reporting and analytics
35,Workflow Automation,Implement workflow automation for common tasks
36,Interdisciplinary Care,Enhance support for interdisciplinary care teams
37,Referrals,Provide tools for managing and tracking referrals
38,Signatures,Add features for managing electronic signatures
39,Data Sharing,Enable data sharing with external research databases
40,Pharmacy Integration,Improve integration with pharmacy management systems
41,Demographics,Provide tools for managing patient demographics
42,Clinical Guidelines,Enhance support for evidence-based clinical guidelines
43,Care Plans,Add functionality for managing patient care plans
44,Treatment Adherence,Implement tools for tracking patient adherence to treatments
45,Outpatient Care,Improve support for outpatient and inpatient care management
46,Medical Imaging,Provide functionality for managing medical imaging records
47,Training,Enhance user training and support resources
48,Surveys,Add tools for managing and analyzing patient surveys
49,EHR Integration,Improve integration with electronic health records (EHR) systems
50,Custom Alerts,Enable custom alerts and notifications for patient care
51,Insurance Management,Add features for managing patient insurance information
52,Referrals Management,Implement tools for tracking and managing referrals
53,Prescribing Integration,Enhance support for integrating with electronic prescribing systems
54,Clinical Trials,Provide functionality for managing and tracking clinical trials
55,Data Entry,Improve data entry efficiency with smart templates
56,Privacy Settings,Add tools for managing patient privacy settings
57,Collaboration,Implement support for real-time collaboration among care teams
58,Regulatory Compliance,Enhance reporting tools for regulatory compliance
59,Demographics Management,Add features for tracking and managing patient demographics
60,Family History,Provide support for managing patient family history
61,Search Capabilities,Improve patient record search capabilities
62,Medication Adherence,Add tools for tracking patient medication adherence
63,Laboratory Orders,Implement support for managing electronic lab orders
64,Financial Management,Enhance integration with patient financial management systems
65,Treatment History,Provide tools for managing patient treatment history
66,Data Validation,Add features for real-time data validation and error checking
67,Access Control,Improve patient record access control and permissions
68,Health Risk Assessments,Implement support for managing patient health risk assessments
69,Contact Information,Enhance tools for managing patient contact information
70,Real-Time Updates,Add functionality for real-time data updates and alerts
71,Usability,Improve user interface for better usability
72,Progress Tracking,Provide tools for tracking patient progress over time
73,Reminders,Implement automated reminders for patient follow-ups
74,Care Plans,Add support for managing multi-disciplinary care plans
75,Billing Integration,Enhance integration with medical coding and billing systems
76,Referrals and Authorizations,Provide tools for managing patient referrals and authorizations
77,Medication Lists,Improve support for managing patient medication lists
78,Health Goals,Add features for tracking and managing patient health goals
79,Symptom Tracking,Implement support for managing and tracking patient symptoms
80,Care Transitions,Enhance tools for managing patient care transitions
81,Clinical Notes,Provide functionality for managing patient clinical notes
82,Health Information Exchanges,Add support for integrating with health information exchanges
83,Validation,Improve data accuracy with real-time validation
84,Appointment Histories,Provide tools for managing patient appointment histories
85,EHR Updates,Implement support for managing electronic health records updates
86,Coordination Tools,Enhance integration with patient care coordination tools
87,Health Interventions,Add features for tracking and managing patient health interventions
88,Health Outcomes,Improve support for managing patient health outcomes
89,Documentation,Provide tools for managing patient care documentation
90,Health Assessments,Implement support for managing patient health assessments
91,Medical Histories,Enhance tools for managing patient medical histories
92,Data Sharing,Add functionality for real-time data sharing with other systems
93,Training Materials,Improve user training materials and support
94,Data Trends,Provide tools for managing and analyzing patient data trends
95,EHR Audits,Implement support for managing electronic health record audits
96,Health Records Updates,Enhance tools for managing patient health records updates
97,Self-Management,Add functionality for integrating with patient self-management tools
98,Validation Techniques,Improve data accuracy with advanced validation techniques
99,Health Records Management,Provide tools for managing and tracking patient health records updates
100,Integration,Enhance integration with health data analytics platforms
